email,phone,mobile,firstname,lastname,employeeId,JobTitle,preferredName,personalTitles,suffix,pager,division,branch,section,subsection,Business Unit,8017933772305104452351,10445235
"Jasen.Schremmer@test.act.gov.au",0432123456,0251515151,"Jasen","Schremmer",1,Doctor,"Jasen",MR,X,11111111,Division1,Branch1,Section1,Subsection1,BU1,8017933772305104452351,10445235
"Chris.Pellow@test.act.gov.au",0432123457,0251515152,"Chris","Pellow",2,Nurse,"Chris",MR,X,11111111,Division1,Branch1,Section1,Subsection1,BU1,8017933772305104452351,10445235
"Mark.Hunter@test.act.gov.au",0432123458,0251515153,"Mark","Hunter",3,Doctor,"Mark",MR,X,11111111,Division1,Branch1,Section1,Subsection1,BU1,8017933772305104452351,10445235
"Craig.McDonald@test.act.gov.au",0432123459,0251515154,"Craig","McDonald",4,Nurse,"Craig",MR,X,11111111,Division1,Branch1,Section1,Subsection1,BU1,8017933772305104452351,10445235
"Jules.Mosslar@test.act.gov.au",0432123450,0251515155,"Jules","Mosslar",5,Doctor,"Jules",MRS,X,11111111,Division1,Branch1,Section1,Subsection1,BU1,8017933772305104452351,10445235
"Yemi.Emmanuel@test.act.gov.au",0432123451,0251515156,"Yemi","Emmanuel",6,Nurse,"Yemi",MR,X,11111111,Division1,Branch1,Section1,Subsection1,BU1,8017933772305104452351,10445235
"Brigitte.Russell@test.act.gov.au",0432123452,0251515157,"Brigitte","Russell",7,Doctor,"Brigitte",MRS,X,11111111,Division1,Branch1,Section1,Subsection1,BU1,8017933772305104452351,10445235
"Sophie.Zhang@test.act.gov.au",0432123453,0251515158,"Sophie","Zhang",8,Nurse,"Sophie",MRS,X,11111111,Division1,Branch1,Section1,Subsection1,BU1,8017933772305104452351,10445235
"Samridhi.Shukla@test.act.gov.au",0432123454,0251515159,"Samridhi","Shukla",9,Doctor,"Samridhi",MR,X,11111111,Division1,Branch1,Section1,Subsection1,BU1,8017933772305104452351,10445235
"Surendra.Panday@test.act.gov.au",0432123455,0251515150,"Surendra","Panday",10,Nurse,"Surendra",MR,X,11111111,Division1,Branch1,Section1,Subsection1,BU1,8017933772305104452351,10445235
"James.Hodge@test.act.gov.au",0432123466,0251515161,"James","Hodge",11,Doctor,"James",MR,X,11111111,Division1,Branch1,Section1,Subsection1,BU1,8017933772305104452351,10445235
"Joseph.Fergusson@test.act.gov.au",0432123467,0251515162,"Joseph","Fergusson",12,Nurse,"Joseph",MR,X,11111111,Division1,Branch1,Section1,Subsection1,BU1,8017933772305104452351,10445235
"Brendan.Douglas@test.act.gov.au",0432123468,0251515163,"Brendan","Douglas",13,Doctor,"Brendan",MR,X,11111111,Division1,Branch1,Section1,Subsection1,BU1,8017933772305104452351,10445235
"Ryan.Mavin@test.act.gov.au",0432123469,0251515164,"Ryan","Mavin",14,Nurse,"Ryan",MR,X,11111111,Division1,Branch1,Section1,Subsection1,BU1,8017933772305104452351,10445235
"Richard.Courtenay@test.act.gov.au",0432123460,0251515165,"Richard","Courtenay",15,Doctor,"Richard",MR,X,11111111,Division1,Branch1,Section1,Subsection1,BU1,8017933772305104452351,10445235
"Surya.Suresh@test.act.gov.au",0432123461,0251515166,"Surya","Suresh",16,Nurse,"Surya",MR,X,11111111,Division1,Branch1,Section1,Subsection1,BU1,8017933772305104452351,10445235
"Brinda.Kuppili@test.act.gov.au",0432123462,0251515167,"Brinda","Kuppili",17,Doctor,"Brinda",MRS,X,11111111,Division1,Branch1,Section1,Subsection1,BU1,8017933772305104452351,10445235
"Ben.Daniell@test.act.gov.au",0432123463,0251515168,"Ben","Daniell",18,Nurse,"Ben",MR,X,11111111,Division1,Branch1,Section1,Subsection1,BU1,8017933772305104452351,10445235
"Kevin.Atkinson@test.act.gov.au",0432123464,0251515169,"Kevin","Atkinson",19,Doctor,"Kevin",MR,X,11111111,Division1,Branch1,Section1,Subsection1,BU1,8017933772305104452351,10445235
"Daniel.Wang@test.act.gov.au",0432123465,0251515160,"Daniel","Wang",20,Nurse,"Daniel",MR,X,11111111,Division1,Branch1,Section1,Subsection1,BU1,8017933772305104452351,10445235
"Luke.Streitberg@test.act.gov.au",0432123465,0251515160,"Luke","Streitberg",21,Doctor,"Luke",MR,X,11111111,Division1,Branch1,Section1,Subsection1,BU1,8017933772305104452351,10445235
"Saroj.Bhatia@test.act.gov.au",0432123476,0251515171,"Saroj","Bhatia",22,Nurse,"Saroj",MR,X,11111111,Division1,Branch1,Section1,Subsection1,BU1,8017933772305104452351,10445235
"Tracey.Quade@test.act.gov.au",0432123477,0251515172,"Tracey","Quade",23,Doctor,"Tracey",MRS,X,11111111,Division1,Branch1,Section1,Subsection1,BU1,8017933772305104452351,10445235